{
  "project_info": {
    "project_id": "mybroadcast-8b523",
    "project_number": "897679755372",
    "name": "mybroadcast"
  },
  "client": [
    {
      "client_info": {
        "mobilesdk_app_id": "1:897679755372:android:b59e78ecb16bb723",
        "client_id": "android:com.push.k.mybroadcast",
        "client_type": 1,
        "android_client_info": {
          "package_name": "com.push.k.mybroadcast",
          "certificate_hash": []
        }
      },
      "oauth_client": [],
      "api_key": [],
      "services": {
        "analytics_service": {
          "status": 1
        },
        "cloud_messaging_service": {
          "status": 2,
          "apns_config": []
        },
        "appinvite_service": {
          "status": 1,
          "other_platform_oauth_client": []
        },
        "google_signin_service": {
          "status": 1
        },
        "ads_service": {
          "status": 1
        }
      }
    }
  ],
  "client_info": [],
  "ARTIFACT_VERSION": "1"
}